<?xml version="1.0" encoding="UTF-8" ?>
<!DOCTYPE configuration
  PUBLIC "-//mybatis.org//DTD Config 3.0//EN"
  "http://mybatis.org/dtd/mybatis-3-config.dtd">
<configuration>
	
	<typeAliases>
		<typeAlias type="com.springbook.biz.board.BoardVO" alias="board"></typeAlias>
		<typeAlias type="com.springbook.biz.user.UserVO" alias="user"/>
		<typeAlias type="com.mybatis.join.vo.DepartmentVO" alias="dept"/>
		<typeAlias type="com.mybatis.join.vo.EmployeeVO" alias="emp"/>
		<typeAlias type="com.mybatis.join.vo.JoinVO" alias="joinvo"/>
		<typeAlias type="com.mybatis.join.vo.DepartmentVOs" alias="depts"/>
		<typeAlias type="com.mybatis.join.vo.EmployeeVOs" alias="emps"/>
		<typeAlias type="com.mybatis.join.vo.JoinVOs" alias="joinvos"/>
	</typeAliases>
	 
	<mappers>
		<mapper resource="mappings/board-mapping.xml" />
		<mapper resource="mappings/user-mapping.xml" />
		<mapper resource="mappings/join-mapping.xml" />
		<mapper resource="mappings/spring-join-mapping.xml" />
	</mappers>
</configuration>
