<?xml version="1.0" encoding="UTF-8"?>
<!DOCTYPE mapper PUBLIC "-//mybatis.org//DTD Mapper 3.0//EN"
"http://mybatis.org/dtd/mybatis-3-mapper.dtd">
<mapper namespace="BoardDAO">

	<insert id="insertBoard">
		INSERT INTO board(seq,title,writer,content) 
		VALUES ((select nvl (max(seq,0) +1 from board)), #{title},#{writer},#{content})
	</insert>
	
	<update id="updateBoard">
		UPDATE board SET title = #{title}, content = #{content} WHERE seq=#{seq}
	</update>

	<delete id="deleteBoard">
		DELETE board WHERE seq = #{seq}
	</delete>
	
	<select id="getBoard" resultType="board">
		SELECT * FROM board WHERE seq=#{seq}
	</select>
	
	<select id="getBoardList" resultType="board">
		SELECT * FROM board
		WHERE title LIKE '%' || #{searchKeyword} || '%'
		ORDER BY seq DESC
	</select>
</mapper>