<?xml version="1.0" encoding="UTF-8"?>
<!DOCTYPE mapper PUBLIC "-//mybatis.org//DTD Mapper 3.0//EN"
"http://mybatis.org/dtd/mybatis-3-mapper.dtd">
<mapper namespace="join">

<resultMap type="emp" id="empMap">
	<id property="eno" column="ENO"/>
	<result property="ename" column="ENAME"/>
	<result property="job" column="JOB"/>
	<result property="manager" column="MANAGER"/>
	<result property="hiredate" column="HIREDATE"/>
	<result property="salary" column="SALARY"/>
	<result property="commission" column="COMMISSION"/>
	<result property="dno" column="DNO"/>
</resultMap>
<resultMap type="dept" id="deptMap">
	<id property="dno" column="DNO"/>
	<result property="dname" column="DNAME"/>
	<result property="loc" column="LOC"/>
</resultMap>

<!-- 두 ResultMap을 처리하는 ResultMap -->
<resultMap type="joinvo" id="joinMap">
	<collection property="empJ" resultMap="empMap" />
	<collection property="deptJ" resultMap="deptMap" />
</resultMap>


<insert id="insertJoin">
	<![CDATA[
		
	]]>
</insert>

<update id="updateJoin">
	<![CDATA[
		
	]]>
</update>

<delete id="deleteJoin">
	<![CDATA[
		
	]]>
</delete>

<select id="selectOneJoin" resultType="joinvo">
	<![CDATA[
		
	]]>
</select>

<select id="selectListJoin" resultMap="joinMap">
	<![CDATA[
		SELECT E.ENO, E.ENAME, E.JOB, E.MANAGER, E.HIREDATE, E.SALARY, E.COMMISSION,
	    	   D.DNO, D.DNAME, D.LOC
		FROM EMPLOYEE E, DEPARTMENT D
		WHERE E.DNO = D.DNO
	]]>
</select>

</mapper>