<?xml version="1.0" encoding="UTF-8"?>
<!DOCTYPE mapper PUBLIC "-//mybatis.org//DTD Mapper 3.0//EN"
"http://mybatis.org/dtd/mybatis-3-mapper.dtd">
<mapper namespace="Join">
<!-- 
<insert id="insertJoin">
	<![CDATA[
		
	]]>
</insert>

<update id="updateJoin">
	<![CDATA[
		
	]]>
</update>

<delete id="deleteJoin">
	<![CDATA[
		
	]]>
</delete>

<select id="selectOneJoin" resultType="">
	<![CDATA[
		
	]]>
</select>

<select id="selectListJoin" resultType="">
	<![CDATA[
		
	]]>
</select>
 -->
</mapper>