<?xml version="1.0" encoding="UTF-8"?>

<!DOCTYPE mapper PUBLIC "-//mybatis.org//DTD Mapper 3.0//EN"
"http://mybatis.org/dtd/mybatis-3-mapper.dtd">
<mapper namespace="UserDAO">

	<resultMap type="user" id="userResult">
		<id property="id" column="ID" />	<!-- Primary Key 컬럼 -->
		<result property="password" column="PASSWORD" />
		<result property="name" column="NAME" />
		<result property="role" column="ROLE" />
	</resultMap>

	<insert id="insertUser">
		<![CDATA[
		INSERT INTO USERS (ID, PASSWORD, NAME, ROLE)
		VALUES(#{id}, #{password}, #{name}, #{role})
		]]>
	</insert>
	
	<update id="updateUser">
		<![CDATA[
		UPDATE USERS SET 
			PASSWORD = #{password},
			NAME = #{name},
			ROLE = #{role}
		WHERE ID = #{id}
		]]>
	</update>

	<delete id="deleteUser">
		<![CDATA[
		DELETE USERS 
		WHERE ID = #{id}
		]]>
	</delete>
	
	<select id ="getUser" resultType="user">
		<![CDATA[
		SELECT * FROM USERS
		WHERE ID = #{id}
		]]>
	</select>
	
	<select id="getUserList" resultMap="userResult">
		<![CDATA[
		SELECT * FROM USERS ORDER BY ID DESC
		]]>
	</select>

</mapper>